{
  "random": {
    "tdr": 0.0,
    "fasr": 0.32715497990174186,
    "accuracy": 0.3284,
    "safety_score_1_1": 0.16357748995087093,
    "safety_score_3_1": 0.08178874497543547,
    "safety_score_10_1": 0.02974136180924926,
    "ece": 0.17174799999999996,
    "brier_score": 0.26039548000000007,
    "overconfidence_rate": 0.0,
    "suspicious_fraction": 0.3282,
    "suspicious_penalty": 0.056400000000000006,
    "calibration_factor": 0.828252,
    "aggregate_score": 0.06392106019696293,
    "accuracy_easy": 0.29417989417989415,
    "accuracy_medium": 0.3361625514403292,
    "accuracy_hard": 0.3413173652694611,
    "safety_score_easy": 0.07385120350109409,
    "safety_score_medium": 0.08382435465768799,
    "safety_score_hard": 0.0,
    "per_dataset_accuracy": {
      "caltech_camera_traps": 0.3284
    },
    "generalization_gap": 0.0,
    "confusion_matrix": {
      "THREAT": {
        "THREAT": 0,
        "SUSPICIOUS": 0,
        "BENIGN": 0
      },
      "SUSPICIOUS": {
        "THREAT": 170,
        "SUSPICIOUS": 177,
        "BENIGN": 175
      },
      "BENIGN": {
        "THREAT": 1549,
        "SUSPICIOUS": 1464,
        "BENIGN": 1465
      }
    },
    "n_scenarios": 5000,
    "n_threats": 0,
    "n_benign": 4478,
    "n_suspicious_gt": 522,
    "mean_latency_ms": 1.0,
    "p95_latency_ms": 1.0,
    "mean_cost_usd": 0.0
  },
  "majority_class": {
    "tdr": 0.0,
    "fasr": 1.0,
    "accuracy": 0.8956,
    "safety_score_1_1": 0.5,
    "safety_score_3_1": 0.25,
    "safety_score_10_1": 0.09090909090909091,
    "ece": 0.09440000000000004,
    "brier_score": 0.10241199999999999,
    "overconfidence_rate": 1.0,
    "suspicious_fraction": 0.0,
    "suspicious_penalty": 0.0,
    "calibration_factor": 0.9056,
    "aggregate_score": 0.2264,
    "accuracy_easy": 0.9671957671957672,
    "accuracy_medium": 0.9166666666666666,
    "accuracy_hard": 0.0,
    "safety_score_easy": 0.25,
    "safety_score_medium": 0.25,
    "safety_score_hard": 0.0,
    "per_dataset_accuracy": {
      "caltech_camera_traps": 0.8956
    },
    "generalization_gap": 0.0,
    "confusion_matrix": {
      "THREAT": {
        "THREAT": 0,
        "SUSPICIOUS": 0,
        "BENIGN": 0
      },
      "SUSPICIOUS": {
        "THREAT": 0,
        "SUSPICIOUS": 0,
        "BENIGN": 522
      },
      "BENIGN": {
        "THREAT": 0,
        "SUSPICIOUS": 0,
        "BENIGN": 4478
      }
    },
    "n_scenarios": 5000,
    "n_threats": 0,
    "n_benign": 4478,
    "n_suspicious_gt": 522,
    "mean_latency_ms": 1.0,
    "p95_latency_ms": 1.0,
    "mean_cost_usd": 0.0
  },
  "always_suspicious": {
    "tdr": 0.0,
    "fasr": 0.0,
    "accuracy": 0.1044,
    "safety_score_1_1": 0.0,
    "safety_score_3_1": 0.0,
    "safety_score_10_1": 0.0,
    "ece": 0.3956,
    "brier_score": 0.25,
    "overconfidence_rate": 0.0,
    "suspicious_fraction": 1.0,
    "suspicious_penalty": 1.4,
    "calibration_factor": 0.6044,
    "aggregate_score": -0.0,
    "accuracy_easy": 0.0328042328042328,
    "accuracy_medium": 0.08333333333333333,
    "accuracy_hard": 1.0,
    "safety_score_easy": 0.0,
    "safety_score_medium": 0.0,
    "safety_score_hard": 0.0,
    "per_dataset_accuracy": {
      "caltech_camera_traps": 0.1044
    },
    "generalization_gap": 0.0,
    "confusion_matrix": {
      "THREAT": {
        "THREAT": 0,
        "SUSPICIOUS": 0,
        "BENIGN": 0
      },
      "SUSPICIOUS": {
        "THREAT": 0,
        "SUSPICIOUS": 522,
        "BENIGN": 0
      },
      "BENIGN": {
        "THREAT": 0,
        "SUSPICIOUS": 4478,
        "BENIGN": 0
      }
    },
    "n_scenarios": 5000,
    "n_threats": 0,
    "n_benign": 4478,
    "n_suspicious_gt": 522,
    "mean_latency_ms": 1.0,
    "p95_latency_ms": 1.0,
    "mean_cost_usd": 0.0
  },
  "severity_heuristic": {
    "tdr": 0.0,
    "fasr": 0.9562304600267977,
    "accuracy": 0.9304,
    "safety_score_1_1": 0.47811523001339884,
    "safety_score_3_1": 0.23905761500669942,
    "safety_score_10_1": 0.08693004182061798,
    "ece": 0.13111000000000017,
    "brier_score": 0.06557850000000001,
    "overconfidence_rate": 0.25,
    "suspicious_fraction": 0.1132,
    "suspicious_penalty": 0.0,
    "calibration_factor": 0.8688899999999998,
    "aggregate_score": 0.20771477110317102,
    "accuracy_easy": 0.9428571428571428,
    "accuracy_medium": 0.9346707818930041,
    "accuracy_hard": 0.7604790419161677,
    "safety_score_easy": 0.23851203501094093,
    "safety_score_medium": 0.23919753086419754,
    "safety_score_hard": 0.0,
    "per_dataset_accuracy": {
      "caltech_camera_traps": 0.9304
    },
    "generalization_gap": 0.0,
    "confusion_matrix": {
      "THREAT": {
        "THREAT": 0,
        "SUSPICIOUS": 0,
        "BENIGN": 0
      },
      "SUSPICIOUS": {
        "THREAT": 152,
        "SUSPICIOUS": 370,
        "BENIGN": 0
      },
      "BENIGN": {
        "THREAT": 0,
        "SUSPICIOUS": 196,
        "BENIGN": 4282
      }
    },
    "n_scenarios": 5000,
    "n_threats": 0,
    "n_benign": 4478,
    "n_suspicious_gt": 522,
    "mean_latency_ms": 1.0,
    "p95_latency_ms": 1.0,
    "mean_cost_usd": 0.0
  }
}